{"Name":{"0302.HK":"CMGE"},"Exchange":{"0302.HK":"HKG"},"Price":{"0302.HK":1.85},"Price_currency":{"0302.HK":"HKD"},"Shares":{"0302.HK":2752669952},"Reporting_Currency":{"0302.HK":"CNY"},"Fx_rate":{"0302.HK":1.1307796824},"Dividend":{"0302.HK":0.077650428},"Last_fy":{"0302.HK":1640908800000},"TotalAssets":{"0302.HK":7747617000.0},"CurrentAssets":{"0302.HK":2855534000.0},"CurrentLiabilities":{"0302.HK":1808413000.0},"CurrentDebtAndCapitalLeaseObligation":{"0302.HK":820240000.0},"CurrentCapitalLeaseObligation":{"0302.HK":20522000.0},"LongTermDebtAndCapitalLeaseObligation":{"0302.HK":21067000.0},"LongTermCapitalLeaseObligation":{"0302.HK":21067000.0},"TotalEquityGrossMinorityInterest":{"0302.HK":5851985000.0},"MinorityInterest":{"0302.HK":0.0},"CashAndCashEquivalents":{"0302.HK":446177000.0},"OtherShortTermInvestments":{"0302.HK":0.0},"InvestmentProperties":{"0302.HK":0.0},"LongTermEquityInvestment":{"0302.HK":229362000.0},"InvestmentinFinancialAssets":{"0302.HK":2099127000.0},"NetPPE":{"0302.HK":49304000.0},"TotalRevenue":{"0302.HK":3956570000.0},"CostOfRevenue":{"0302.HK":2483080000.0},"SellingGeneralAndAdministration":{"0302.HK":549858000.0},"InterestExpense":{"0302.HK":24292000.0},"NetIncomeCommonStockholders":{"0302.HK":611770000.0}}