{"Name":{"0543.HK":"PACIFIC ONLINE"},"Exchange":{"0543.HK":"HKG"},"Price":{"0543.HK":0.8},"Price_currency":{"0543.HK":"HKD"},"Shares":{"0543.HK":1135600000},"Reporting_Currency":{"0543.HK":"CNY"},"Fx_rate":{"0543.HK":1.1314961057},"Dividend":{"0543.HK":0.1315339908},"Last_fy":{"0543.HK":1640908800000},"TotalAssets":{"0543.HK":1188422000.0},"CurrentAssets":{"0543.HK":831440000.0},"CurrentLiabilities":{"0543.HK":345112000.0},"CurrentDebtAndCapitalLeaseObligation":{"0543.HK":479000.0},"CurrentCapitalLeaseObligation":{"0543.HK":479000.0},"LongTermDebtAndCapitalLeaseObligation":{"0543.HK":108000.0},"LongTermCapitalLeaseObligation":{"0543.HK":108000.0},"TotalEquityGrossMinorityInterest":{"0543.HK":843202000.0},"MinorityInterest":{"0543.HK":0.0},"CashAndCashEquivalents":{"0543.HK":392203000.0},"OtherShortTermInvestments":{"0543.HK":0.0},"InvestmentProperties":{"0543.HK":52784000.0},"LongTermEquityInvestment":{"0543.HK":0.0},"InvestmentinFinancialAssets":{"0543.HK":41372000.0},"NetPPE":{"0543.HK":192386000.0},"TotalRevenue":{"0543.HK":852153000.0},"CostOfRevenue":{"0543.HK":452785000.0},"SellingGeneralAndAdministration":{"0543.HK":289293000.0},"InterestExpense":{"0543.HK":44000.0},"NetIncomeCommonStockholders":{"0543.HK":49920000.0}}