{"Name":{"0606.HK":"SCE CM"},"Exchange":{"0606.HK":"HKG"},"Price":{"0606.HK":1.91},"Price_currency":{"0606.HK":"HKD"},"Shares":{"0606.HK":2075000064},"Reporting_Currency":{"0606.HK":"CNY"},"Fx_rate":{"0606.HK":1.1314961057},"Dividend":{"0606.HK":0.0458361432},"Last_fy":{"0606.HK":1640908800000},"TotalAssets":{"0606.HK":3132392000.0},"CurrentAssets":{"0606.HK":3077529000.0},"CurrentLiabilities":{"0606.HK":625484000.0},"CurrentDebtAndCapitalLeaseObligation":{"0606.HK":0.0},"CurrentCapitalLeaseObligation":{"0606.HK":0.0},"LongTermDebtAndCapitalLeaseObligation":{"0606.HK":2741000.0},"LongTermCapitalLeaseObligation":{"0606.HK":2741000.0},"TotalEquityGrossMinorityInterest":{"0606.HK":2503972000.0},"MinorityInterest":{"0606.HK":0.0},"CashAndCashEquivalents":{"0606.HK":2927665000.0},"OtherShortTermInvestments":{"0606.HK":0.0},"InvestmentProperties":{"0606.HK":512000.0},"LongTermEquityInvestment":{"0606.HK":1768000.0},"InvestmentinFinancialAssets":{"0606.HK":0.0},"NetPPE":{"0606.HK":34940000.0},"TotalRevenue":{"0606.HK":1230050000.0},"CostOfRevenue":{"0606.HK":649181000.0},"SellingGeneralAndAdministration":{"0606.HK":220857000.0},"InterestExpense":{"0606.HK":560000.0},"NetIncomeCommonStockholders":{"0606.HK":280609000.0}}