{"Name":{"0716.HK":"SINGAMAS CONT"},"Exchange":{"0716.HK":"HKG"},"Price":{"0716.HK":0.73},"Price_currency":{"0716.HK":"HKD"},"Shares":{"0716.HK":2382210048},"Reporting_Currency":{"0716.HK":"USD"},"Fx_rate":{"0716.HK":7.813371266},"Dividend":{"0716.HK":0.0091368937},"Last_fy":{"0716.HK":1640908800000},"TotalAssets":{"0716.HK":904533000.0},"CurrentAssets":{"0716.HK":674155000.0},"CurrentLiabilities":{"0716.HK":223027000.0},"CurrentDebtAndCapitalLeaseObligation":{"0716.HK":2283000.0},"CurrentCapitalLeaseObligation":{"0716.HK":2283000.0},"LongTermDebtAndCapitalLeaseObligation":{"0716.HK":4334000.0},"LongTermCapitalLeaseObligation":{"0716.HK":4334000.0},"TotalEquityGrossMinorityInterest":{"0716.HK":659550000.0},"MinorityInterest":{"0716.HK":0.0},"CashAndCashEquivalents":{"0716.HK":374347000.0},"OtherShortTermInvestments":{"0716.HK":0.0},"InvestmentProperties":{"0716.HK":36697000.0},"LongTermEquityInvestment":{"0716.HK":22698000.0},"InvestmentinFinancialAssets":{"0716.HK":22982000.0},"NetPPE":{"0716.HK":125619000.0},"TotalRevenue":{"0716.HK":1151764000.0},"CostOfRevenue":{"0716.HK":707645000.0},"SellingGeneralAndAdministration":{"0716.HK":2593000.0},"InterestExpense":{"0716.HK":928000.0},"NetIncomeCommonStockholders":{"0716.HK":186802000.0}}