{"Name":{"1057.HK":"ZHEJIANG SHIBAO"},"Exchange":{"1057.HK":"HKG"},"Price":{"1057.HK":1.62},"Price_currency":{"1057.HK":"HKD"},"Shares":{"1057.HK":216784992},"Reporting_Currency":{"1057.HK":"CNY"},"Fx_rate":{"1057.HK":1.1307796824},"Dividend":{"1057.HK":0.0},"Last_fy":{"1057.HK":1640908800000},"TotalAssets":{"1057.HK":2174823476.4699997902},"CurrentAssets":{"1057.HK":1202932285.0},"CurrentLiabilities":{"1057.HK":761423017.2000000477},"CurrentDebtAndCapitalLeaseObligation":{"1057.HK":129099756.9399999976},"CurrentCapitalLeaseObligation":{"1057.HK":0.0},"LongTermDebtAndCapitalLeaseObligation":{"1057.HK":18789605.75},"LongTermCapitalLeaseObligation":{"1057.HK":0.0},"TotalEquityGrossMinorityInterest":{"1057.HK":1362758223.7100000381},"MinorityInterest":{"1057.HK":0.0},"CashAndCashEquivalents":{"1057.HK":172334265.599999994},"OtherShortTermInvestments":{"1057.HK":114648534.75},"InvestmentProperties":{"1057.HK":193682560.4600000083},"LongTermEquityInvestment":{"1057.HK":0.0},"InvestmentinFinancialAssets":{"1057.HK":0.0},"NetPPE":{"1057.HK":672272461.3500000238},"TotalRevenue":{"1057.HK":1177915845.9600000381},"CostOfRevenue":{"1057.HK":924548913.8799999952},"SellingGeneralAndAdministration":{"1057.HK":80019601.7600000054},"InterestExpense":{"1057.HK":4887365.7599999998},"NetIncomeCommonStockholders":{"1057.HK":34156323.8800000027}}