{"Name":{"1234.HK":"CHINA LILANG"},"Exchange":{"1234.HK":"HKG"},"Price":{"1234.HK":3.85},"Price_currency":{"1234.HK":"HKD"},"Shares":{"1234.HK":1197479936},"Reporting_Currency":{"1234.HK":"CNY"},"Fx_rate":{"1234.HK":1.1314961057},"Dividend":{"1234.HK":0.3728446603},"Last_fy":{"1234.HK":1640908800000},"TotalAssets":{"1234.HK":5520907000.0},"CurrentAssets":{"1234.HK":3312446000.0},"CurrentLiabilities":{"1234.HK":1488090000.0},"CurrentDebtAndCapitalLeaseObligation":{"1234.HK":561534000.0},"CurrentCapitalLeaseObligation":{"1234.HK":98373000.0},"LongTermDebtAndCapitalLeaseObligation":{"1234.HK":238360000.0},"LongTermCapitalLeaseObligation":{"1234.HK":54860000.0},"TotalEquityGrossMinorityInterest":{"1234.HK":3776768000.0},"MinorityInterest":{"1234.HK":0.0},"CashAndCashEquivalents":{"1234.HK":1681172000.0},"OtherShortTermInvestments":{"1234.HK":0.0},"InvestmentProperties":{"1234.HK":117059000.0},"LongTermEquityInvestment":{"1234.HK":0.0},"InvestmentinFinancialAssets":{"1234.HK":100000000.0},"NetPPE":{"1234.HK":1684374000.0},"TotalRevenue":{"1234.HK":3379480000.0},"CostOfRevenue":{"1234.HK":1964475000.0},"SellingGeneralAndAdministration":{"1234.HK":966646000.0},"InterestExpense":{"1234.HK":9743000.0},"NetIncomeCommonStockholders":{"1234.HK":468127000.0}}