{"Name":{"1265.HK":"TIANJINJINRAN"},"Exchange":{"1265.HK":"HKG"},"Price":{"1265.HK":0.34},"Price_currency":{"1265.HK":"HKD"},"Shares":{"1265.HK":500060000},"Reporting_Currency":{"1265.HK":"CNY"},"Fx_rate":{"1265.HK":1.1307796824},"Dividend":{"1265.HK":0.0},"Last_fy":{"1265.HK":1640908800000},"TotalAssets":{"1265.HK":2200050506.1700000763},"CurrentAssets":{"1265.HK":1210722321.9600000381},"CurrentLiabilities":{"1265.HK":425160299.6000000238},"CurrentDebtAndCapitalLeaseObligation":{"1265.HK":0.0},"CurrentCapitalLeaseObligation":{"1265.HK":0.0},"LongTermDebtAndCapitalLeaseObligation":{"1265.HK":0.0},"LongTermCapitalLeaseObligation":{"1265.HK":0.0},"TotalEquityGrossMinorityInterest":{"1265.HK":1668928909.7999999523},"MinorityInterest":{"1265.HK":0.0},"CashAndCashEquivalents":{"1265.HK":837901149.9400000572},"OtherShortTermInvestments":{"1265.HK":0.0},"InvestmentProperties":{"1265.HK":0.0},"LongTermEquityInvestment":{"1265.HK":53285238.2700000033},"InvestmentinFinancialAssets":{"1265.HK":0.0},"NetPPE":{"1265.HK":884908734.8899999857},"TotalRevenue":{"1265.HK":1579769604.5699999332},"CostOfRevenue":{"1265.HK":1568338292.0499999523},"SellingGeneralAndAdministration":{"1265.HK":33760441.2700000033},"InterestExpense":{"1265.HK":0.0},"NetIncomeCommonStockholders":{"1265.HK":1431633.1699999999}}