{"Name":{"1786.HK":"CRCCE"},"Exchange":{"1786.HK":"HKG"},"Price":{"1786.HK":0.67},"Price_currency":{"1786.HK":"HKD"},"Shares":{"1786.HK":531900000},"Reporting_Currency":{"1786.HK":"CNY"},"Fx_rate":{"1786.HK":1.1307796824},"Dividend":{"1786.HK":0.0},"Last_fy":{"1786.HK":1640908800000},"TotalAssets":{"1786.HK":8286095721.8500003815},"CurrentAssets":{"1786.HK":5990945744.8999996185},"CurrentLiabilities":{"1786.HK":2385534881.75},"CurrentDebtAndCapitalLeaseObligation":{"1786.HK":919764256.7899999619},"CurrentCapitalLeaseObligation":{"1786.HK":0.0},"LongTermDebtAndCapitalLeaseObligation":{"1786.HK":0.0},"LongTermCapitalLeaseObligation":{"1786.HK":0.0},"TotalEquityGrossMinorityInterest":{"1786.HK":5864477133.2899999619},"MinorityInterest":{"1786.HK":0.0},"CashAndCashEquivalents":{"1786.HK":1408233905.4600000381},"OtherShortTermInvestments":{"1786.HK":0.0},"InvestmentProperties":{"1786.HK":0.0},"LongTermEquityInvestment":{"1786.HK":0.0},"InvestmentinFinancialAssets":{"1786.HK":578657333.3300000429},"NetPPE":{"1786.HK":1280307389.4100000858},"TotalRevenue":{"1786.HK":2185945979.0},"CostOfRevenue":{"1786.HK":1640942446.7699999809},"SellingGeneralAndAdministration":{"1786.HK":166760011.4799999893},"InterestExpense":{"1786.HK":0.0},"NetIncomeCommonStockholders":{"1786.HK":50376153.5799999982}}