{"Name":{"1836.HK":"STELLA HOLDINGS"},"Exchange":{"1836.HK":"HKG"},"Price":{"1836.HK":7.56},"Price_currency":{"1836.HK":"HKD"},"Shares":{"1836.HK":793977984},"Reporting_Currency":{"1836.HK":"USD"},"Fx_rate":{"1836.HK":7.813371266},"Dividend":{"1836.HK":0.0269642237},"Last_fy":{"1836.HK":1640908800000},"TotalAssets":{"1836.HK":1297881000.0},"CurrentAssets":{"1836.HK":747971000.0},"CurrentLiabilities":{"1836.HK":263025000.0},"CurrentDebtAndCapitalLeaseObligation":{"1836.HK":4564000.0},"CurrentCapitalLeaseObligation":{"1836.HK":4317000.0},"LongTermDebtAndCapitalLeaseObligation":{"1836.HK":20368000.0},"LongTermCapitalLeaseObligation":{"1836.HK":13207000.0},"TotalEquityGrossMinorityInterest":{"1836.HK":1014488000.0},"MinorityInterest":{"1836.HK":0.0},"CashAndCashEquivalents":{"1836.HK":76371000.0},"OtherShortTermInvestments":{"1836.HK":48000.0},"InvestmentProperties":{"1836.HK":3810000.0},"LongTermEquityInvestment":{"1836.HK":39788000.0},"InvestmentinFinancialAssets":{"1836.HK":10000000.0},"NetPPE":{"1836.HK":490844000.0},"TotalRevenue":{"1836.HK":1540608000.0},"CostOfRevenue":{"1836.HK":1223761000.0},"SellingGeneralAndAdministration":{"1836.HK":209404000.0},"InterestExpense":{"1836.HK":366000.0},"NetIncomeCommonStockholders":{"1836.HK":89694000.0}}