{"Name":{"1935.HK":"JH EDUCATION"},"Exchange":{"1935.HK":"HKG"},"Price":{"1935.HK":1.36},"Price_currency":{"1935.HK":"HKD"},"Shares":{"1935.HK":1600829952},"Reporting_Currency":{"1935.HK":"CNY"},"Fx_rate":{"1935.HK":1.1314961057},"Dividend":{"1935.HK":0.0934540235},"Last_fy":{"1935.HK":1640908800000},"TotalAssets":{"1935.HK":2926392000.0},"CurrentAssets":{"1935.HK":1001980000.0},"CurrentLiabilities":{"1935.HK":201219000.0},"CurrentDebtAndCapitalLeaseObligation":{"1935.HK":50390000.0},"CurrentCapitalLeaseObligation":{"1935.HK":390000.0},"LongTermDebtAndCapitalLeaseObligation":{"1935.HK":21000.0},"LongTermCapitalLeaseObligation":{"1935.HK":21000.0},"TotalEquityGrossMinorityInterest":{"1935.HK":2689371000.0},"MinorityInterest":{"1935.HK":0.0},"CashAndCashEquivalents":{"1935.HK":989298000.0},"OtherShortTermInvestments":{"1935.HK":0.0},"InvestmentProperties":{"1935.HK":118800000.0},"LongTermEquityInvestment":{"1935.HK":0.0},"InvestmentinFinancialAssets":{"1935.HK":0.0},"NetPPE":{"1935.HK":1684350000.0},"TotalRevenue":{"1935.HK":684596000.0},"CostOfRevenue":{"1935.HK":263919000.0},"SellingGeneralAndAdministration":{"1935.HK":48916000.0},"InterestExpense":{"1935.HK":18000.0},"NetIncomeCommonStockholders":{"1935.HK":326036000.0}}