{"Name":{"2101.HK":"FULU HOLDINGS"},"Exchange":{"2101.HK":"HKG"},"Price":{"2101.HK":5.09},"Price_currency":{"2101.HK":"HKD"},"Shares":{"2101.HK":406467008},"Reporting_Currency":{"2101.HK":"CNY"},"Fx_rate":{"2101.HK":1.1314961057},"Dividend":{"2101.HK":0.2605057678},"Last_fy":{"2101.HK":1640908800000},"TotalAssets":{"2101.HK":1436240000.0},"CurrentAssets":{"2101.HK":1386579000.0},"CurrentLiabilities":{"2101.HK":278290000.0},"CurrentDebtAndCapitalLeaseObligation":{"2101.HK":66426000.0},"CurrentCapitalLeaseObligation":{"2101.HK":6426000.0},"LongTermDebtAndCapitalLeaseObligation":{"2101.HK":10893000.0},"LongTermCapitalLeaseObligation":{"2101.HK":10893000.0},"TotalEquityGrossMinorityInterest":{"2101.HK":1147057000.0},"MinorityInterest":{"2101.HK":0.0},"CashAndCashEquivalents":{"2101.HK":267974000.0},"OtherShortTermInvestments":{"2101.HK":26603000.0},"InvestmentProperties":{"2101.HK":0.0},"LongTermEquityInvestment":{"2101.HK":40000.0},"InvestmentinFinancialAssets":{"2101.HK":0.0},"NetPPE":{"2101.HK":19939000.0},"TotalRevenue":{"2101.HK":399283000.0},"CostOfRevenue":{"2101.HK":104039000.0},"SellingGeneralAndAdministration":{"2101.HK":218538000.0},"InterestExpense":{"2101.HK":660000.0},"NetIncomeCommonStockholders":{"2101.HK":68222000.0}}