{"Name":{"2218.HK":"ANDRE JUICE"},"Exchange":{"2218.HK":"HKG"},"Price":{"2218.HK":6.19},"Price_currency":{"2218.HK":"HKD"},"Shares":{"2218.HK":357700000},"Reporting_Currency":{"2218.HK":"CNY"},"Fx_rate":{"2218.HK":1.1307796824},"Dividend":{"2218.HK":0.0},"Last_fy":{"2218.HK":1640908800000},"TotalAssets":{"2218.HK":2545930772.2800002098},"CurrentAssets":{"2218.HK":1748330820.4100000858},"CurrentLiabilities":{"2218.HK":231516870.5699999928},"CurrentDebtAndCapitalLeaseObligation":{"2218.HK":100058819.450000003},"CurrentCapitalLeaseObligation":{"2218.HK":0.0},"LongTermDebtAndCapitalLeaseObligation":{"2218.HK":0.0},"LongTermCapitalLeaseObligation":{"2218.HK":0.0},"TotalEquityGrossMinorityInterest":{"2218.HK":2305985828.2100000381},"MinorityInterest":{"2218.HK":0.0},"CashAndCashEquivalents":{"2218.HK":518987708.5799999833},"OtherShortTermInvestments":{"2218.HK":664305372.2999999523},"InvestmentProperties":{"2218.HK":0.0},"LongTermEquityInvestment":{"2218.HK":0.0},"InvestmentinFinancialAssets":{"2218.HK":6000000.0},"NetPPE":{"2218.HK":672270928.2699999809},"TotalRevenue":{"2218.HK":871587320.3600000143},"CostOfRevenue":{"2218.HK":691914568.7599999905},"SellingGeneralAndAdministration":{"2218.HK":13802746.6099999994},"InterestExpense":{"2218.HK":534324.67},"NetIncomeCommonStockholders":{"2218.HK":160014984.9099999964}}