{"Name":{"2686.HK":"AAG ENERGY"},"Exchange":{"2686.HK":"HKG"},"Price":{"2686.HK":1.64},"Price_currency":{"2686.HK":"HKD"},"Shares":{"2686.HK":3395120128},"Reporting_Currency":{"2686.HK":"CNY"},"Fx_rate":{"2686.HK":1.1307796824},"Dividend":{"2686.HK":0.1034190211},"Last_fy":{"2686.HK":1640908800000},"TotalAssets":{"2686.HK":8417693000.0},"CurrentAssets":{"2686.HK":3154332000.0},"CurrentLiabilities":{"2686.HK":1117430000.0},"CurrentDebtAndCapitalLeaseObligation":{"2686.HK":10424000.0},"CurrentCapitalLeaseObligation":{"2686.HK":10424000.0},"LongTermDebtAndCapitalLeaseObligation":{"2686.HK":44845000.0},"LongTermCapitalLeaseObligation":{"2686.HK":44845000.0},"TotalEquityGrossMinorityInterest":{"2686.HK":6938317000.0},"MinorityInterest":{"2686.HK":0.0},"CashAndCashEquivalents":{"2686.HK":2040414000.0},"OtherShortTermInvestments":{"2686.HK":0.0},"InvestmentProperties":{"2686.HK":0.0},"LongTermEquityInvestment":{"2686.HK":243612000.0},"InvestmentinFinancialAssets":{"2686.HK":31378000.0},"NetPPE":{"2686.HK":4820111000.0},"TotalRevenue":{"2686.HK":1739226000.0},"CostOfRevenue":{"2686.HK":680167000.0},"SellingGeneralAndAdministration":{"2686.HK":0.0},"InterestExpense":{"2686.HK":3707000.0},"NetIncomeCommonStockholders":{"2686.HK":815679000.0}}