{"Name":{"3983.HK":"CHINA BLUECHEM"},"Exchange":{"3983.HK":"HKG"},"Price":{"3983.HK":1.88},"Price_currency":{"3983.HK":"HKD"},"Shares":{"3983.HK":1771000064},"Reporting_Currency":{"3983.HK":"CNY"},"Fx_rate":{"3983.HK":1.1307796824},"Dividend":{"3983.HK":0.2082439225},"Last_fy":{"3983.HK":1640908800000},"TotalAssets":{"3983.HK":22031461000.0},"CurrentAssets":{"3983.HK":13942922000.0},"CurrentLiabilities":{"3983.HK":3507177000.0},"CurrentDebtAndCapitalLeaseObligation":{"3983.HK":645852000.0},"CurrentCapitalLeaseObligation":{"3983.HK":12972000.0},"LongTermDebtAndCapitalLeaseObligation":{"3983.HK":994105000.0},"LongTermCapitalLeaseObligation":{"3983.HK":12401000.0},"TotalEquityGrossMinorityInterest":{"3983.HK":17088545000.0},"MinorityInterest":{"3983.HK":0.0},"CashAndCashEquivalents":{"3983.HK":864750000.0},"OtherShortTermInvestments":{"3983.HK":10520948000.0},"InvestmentProperties":{"3983.HK":83539000.0},"LongTermEquityInvestment":{"3983.HK":322640000.0},"InvestmentinFinancialAssets":{"3983.HK":600000.0},"NetPPE":{"3983.HK":7083406000.0},"TotalRevenue":{"3983.HK":13398008000.0},"CostOfRevenue":{"3983.HK":10461599000.0},"SellingGeneralAndAdministration":{"3983.HK":660807000.0},"InterestExpense":{"3983.HK":50559000.0},"NetIncomeCommonStockholders":{"3983.HK":1497598000.0}}