{"Name":{"6601.HK":"CHEERWIN GP"},"Exchange":{"6601.HK":"HKG"},"Price":{"6601.HK":1.72},"Price_currency":{"6601.HK":"HKD"},"Shares":{"6601.HK":1333330048},"Reporting_Currency":{"6601.HK":"CNY"},"Fx_rate":{"6601.HK":1.1307796824},"Dividend":{"6601.HK":0.0440003584},"Last_fy":{"6601.HK":1640908800000},"TotalAssets":{"6601.HK":3242208000.0},"CurrentAssets":{"6601.HK":2838788000.0},"CurrentLiabilities":{"6601.HK":421758000.0},"CurrentDebtAndCapitalLeaseObligation":{"6601.HK":6810000.0},"CurrentCapitalLeaseObligation":{"6601.HK":6810000.0},"LongTermDebtAndCapitalLeaseObligation":{"6601.HK":12866000.0},"LongTermCapitalLeaseObligation":{"6601.HK":12866000.0},"TotalEquityGrossMinorityInterest":{"6601.HK":2804928000.0},"MinorityInterest":{"6601.HK":0.0},"CashAndCashEquivalents":{"6601.HK":881326000.0},"OtherShortTermInvestments":{"6601.HK":1545717000.0},"InvestmentProperties":{"6601.HK":0.0},"LongTermEquityInvestment":{"6601.HK":0.0},"InvestmentinFinancialAssets":{"6601.HK":135224000.0},"NetPPE":{"6601.HK":195946000.0},"TotalRevenue":{"6601.HK":1769157000.0},"CostOfRevenue":{"6601.HK":981731000.0},"SellingGeneralAndAdministration":{"6601.HK":715420000.0},"InterestExpense":{"6601.HK":1613000.0},"NetIncomeCommonStockholders":{"6601.HK":92093000.0}}