{"Name":{"6626.HK":"YUEXIU SERVICES"},"Exchange":{"6626.HK":"HKG"},"Price":{"6626.HK":3.95},"Price_currency":{"6626.HK":"HKD"},"Shares":{"6626.HK":1522029952},"Reporting_Currency":{"6626.HK":"CNY"},"Fx_rate":{"6626.HK":1.1314961057},"Dividend":{"6626.HK":0.0592649309},"Last_fy":{"6626.HK":1640908800000},"TotalAssets":{"6626.HK":5597178000.0},"CurrentAssets":{"6626.HK":5095079000.0},"CurrentLiabilities":{"6626.HK":1846017000.0},"CurrentDebtAndCapitalLeaseObligation":{"6626.HK":28470000.0},"CurrentCapitalLeaseObligation":{"6626.HK":28470000.0},"LongTermDebtAndCapitalLeaseObligation":{"6626.HK":32967000.0},"LongTermCapitalLeaseObligation":{"6626.HK":32967000.0},"TotalEquityGrossMinorityInterest":{"6626.HK":3177709000.0},"MinorityInterest":{"6626.HK":0.0},"CashAndCashEquivalents":{"6626.HK":4149579000.0},"OtherShortTermInvestments":{"6626.HK":0.0},"InvestmentProperties":{"6626.HK":0.0},"LongTermEquityInvestment":{"6626.HK":1099000.0},"InvestmentinFinancialAssets":{"6626.HK":31629000.0},"NetPPE":{"6626.HK":102207000.0},"TotalRevenue":{"6626.HK":1918378000.0},"CostOfRevenue":{"6626.HK":1247545000.0},"SellingGeneralAndAdministration":{"6626.HK":161454000.0},"InterestExpense":{"6626.HK":3421000.0},"NetIncomeCommonStockholders":{"6626.HK":359536000.0}}