{"Name":{"6858.HK":"HONMAGOLF"},"Exchange":{"6858.HK":"HKG"},"Price":{"6858.HK":3.31},"Price_currency":{"6858.HK":"HKD"},"Shares":{"6858.HK":605641984},"Reporting_Currency":{"6858.HK":"JPY"},"Fx_rate":{"6858.HK":0.059725684},"Dividend":{"6858.HK":3.2034123315},"Last_fy":{"6858.HK":1648684800000},"TotalAssets":{"6858.HK":41427472000.0},"CurrentAssets":{"6858.HK":33294755000.0},"CurrentLiabilities":{"6858.HK":13531534000.0},"CurrentDebtAndCapitalLeaseObligation":{"6858.HK":7917134000.0},"CurrentCapitalLeaseObligation":{"6858.HK":817134000.0},"LongTermDebtAndCapitalLeaseObligation":{"6858.HK":1746783000.0},"LongTermCapitalLeaseObligation":{"6858.HK":1146783000.0},"TotalEquityGrossMinorityInterest":{"6858.HK":25352602000.0},"MinorityInterest":{"6858.HK":0.0},"CashAndCashEquivalents":{"6858.HK":14454554000.0},"OtherShortTermInvestments":{"6858.HK":0.0},"InvestmentProperties":{"6858.HK":0.0},"LongTermEquityInvestment":{"6858.HK":0.0},"InvestmentinFinancialAssets":{"6858.HK":13746000.0},"NetPPE":{"6858.HK":5547738000.0},"TotalRevenue":{"6858.HK":28971099000.0},"CostOfRevenue":{"6858.HK":13285472000.0},"SellingGeneralAndAdministration":{"6858.HK":5311619000.0},"InterestExpense":{"6858.HK":66414000.0},"NetIncomeCommonStockholders":{"6858.HK":6191197000.0}}