{"Name":{"6896.HK":"GOLDEN THROAT"},"Exchange":{"6896.HK":"HKG"},"Price":{"6896.HK":1.95},"Price_currency":{"6896.HK":"HKD"},"Shares":{"6896.HK":739302016},"Reporting_Currency":{"6896.HK":"CNY"},"Fx_rate":{"6896.HK":1.1307796824},"Dividend":{"6896.HK":0.0499105903},"Last_fy":{"6896.HK":1640908800000},"TotalAssets":{"6896.HK":1824627000.0},"CurrentAssets":{"6896.HK":1319196000.0},"CurrentLiabilities":{"6896.HK":509395000.0},"CurrentDebtAndCapitalLeaseObligation":{"6896.HK":305814000.0},"CurrentCapitalLeaseObligation":{"6896.HK":203000.0},"LongTermDebtAndCapitalLeaseObligation":{"6896.HK":0.0},"LongTermCapitalLeaseObligation":{"6896.HK":0.0},"TotalEquityGrossMinorityInterest":{"6896.HK":1314224000.0},"MinorityInterest":{"6896.HK":0.0},"CashAndCashEquivalents":{"6896.HK":831579000.0},"OtherShortTermInvestments":{"6896.HK":40000000.0},"InvestmentProperties":{"6896.HK":0.0},"LongTermEquityInvestment":{"6896.HK":0.0},"InvestmentinFinancialAssets":{"6896.HK":0.0},"NetPPE":{"6896.HK":490280000.0},"TotalRevenue":{"6896.HK":820543000.0},"CostOfRevenue":{"6896.HK":242807000.0},"SellingGeneralAndAdministration":{"6896.HK":364788000.0},"InterestExpense":{"6896.HK":7975000.0},"NetIncomeCommonStockholders":{"6896.HK":187643000.0}}