{"Name":{"9666.HK":"JINKE SERVICES"},"Exchange":{"9666.HK":"HKG"},"Price":{"9666.HK":15.08},"Price_currency":{"9666.HK":"HKD"},"Shares":{"9666.HK":652848000},"Reporting_Currency":{"9666.HK":"CNY"},"Fx_rate":{"9666.HK":1.1307796824},"Dividend":{"9666.HK":0.500447271},"Last_fy":{"9666.HK":1640908800000},"TotalAssets":{"9666.HK":10409538000.0},"CurrentAssets":{"9666.HK":8850927000.0},"CurrentLiabilities":{"9666.HK":2502246000.0},"CurrentDebtAndCapitalLeaseObligation":{"9666.HK":34897000.0},"CurrentCapitalLeaseObligation":{"9666.HK":34897000.0},"LongTermDebtAndCapitalLeaseObligation":{"9666.HK":212764000.0},"LongTermCapitalLeaseObligation":{"9666.HK":212764000.0},"TotalEquityGrossMinorityInterest":{"9666.HK":7621240000.0},"MinorityInterest":{"9666.HK":0.0},"CashAndCashEquivalents":{"9666.HK":3936237000.0},"OtherShortTermInvestments":{"9666.HK":0.0},"InvestmentProperties":{"9666.HK":0.0},"LongTermEquityInvestment":{"9666.HK":48327000.0},"InvestmentinFinancialAssets":{"9666.HK":51000000.0},"NetPPE":{"9666.HK":587466000.0},"TotalRevenue":{"9666.HK":5968448000.0},"CostOfRevenue":{"9666.HK":4122014000.0},"SellingGeneralAndAdministration":{"9666.HK":484361000.0},"InterestExpense":{"9666.HK":1591000.0},"NetIncomeCommonStockholders":{"9666.HK":1057182000.0}}