{"Name":{"9982.HK":"CENTRALCHINA MT"},"Exchange":{"9982.HK":"HKG"},"Price":{"9982.HK":0.7},"Price_currency":{"9982.HK":"HKD"},"Shares":{"9982.HK":3282660096},"Reporting_Currency":{"9982.HK":"CNY"},"Fx_rate":{"9982.HK":1.1307796824},"Dividend":{"9982.HK":0.071835948},"Last_fy":{"9982.HK":1640908800000},"TotalAssets":{"9982.HK":2723630000.0},"CurrentAssets":{"9982.HK":2679400000.0},"CurrentLiabilities":{"9982.HK":466967000.0},"CurrentDebtAndCapitalLeaseObligation":{"9982.HK":3774000.0},"CurrentCapitalLeaseObligation":{"9982.HK":3774000.0},"LongTermDebtAndCapitalLeaseObligation":{"9982.HK":795000.0},"LongTermCapitalLeaseObligation":{"9982.HK":795000.0},"TotalEquityGrossMinorityInterest":{"9982.HK":2255868000.0},"MinorityInterest":{"9982.HK":0.0},"CashAndCashEquivalents":{"9982.HK":2045291000.0},"OtherShortTermInvestments":{"9982.HK":0.0},"InvestmentProperties":{"9982.HK":0.0},"LongTermEquityInvestment":{"9982.HK":2230000.0},"InvestmentinFinancialAssets":{"9982.HK":4182000.0},"NetPPE":{"9982.HK":14016000.0},"TotalRevenue":{"9982.HK":1301449000.0},"CostOfRevenue":{"9982.HK":0.0},"SellingGeneralAndAdministration":{"9982.HK":19711000.0},"InterestExpense":{"9982.HK":413000.0},"NetIncomeCommonStockholders":{"9982.HK":770155000.0}}