{"Name":{"9983.HK":"CC NEW LIFE"},"Exchange":{"9983.HK":"HKG"},"Price":{"9983.HK":3.3},"Price_currency":{"9983.HK":"HKD"},"Shares":{"9983.HK":1278729984},"Reporting_Currency":{"9983.HK":"CNY"},"Fx_rate":{"9983.HK":1.1314961057},"Dividend":{"9983.HK":0.2665402425},"Last_fy":{"9983.HK":1640908800000},"TotalAssets":{"9983.HK":5043390000.0},"CurrentAssets":{"9983.HK":4560562000.0},"CurrentLiabilities":{"9983.HK":1858739000.0},"CurrentDebtAndCapitalLeaseObligation":{"9983.HK":77579000.0},"CurrentCapitalLeaseObligation":{"9983.HK":26623000.0},"LongTermDebtAndCapitalLeaseObligation":{"9983.HK":39857000.0},"LongTermCapitalLeaseObligation":{"9983.HK":15064000.0},"TotalEquityGrossMinorityInterest":{"9983.HK":3009618000.0},"MinorityInterest":{"9983.HK":0.0},"CashAndCashEquivalents":{"9983.HK":1969461000.0},"OtherShortTermInvestments":{"9983.HK":38298000.0},"InvestmentProperties":{"9983.HK":0.0},"LongTermEquityInvestment":{"9983.HK":5809000.0},"InvestmentinFinancialAssets":{"9983.HK":11608000.0},"NetPPE":{"9983.HK":81257000.0},"TotalRevenue":{"9983.HK":3598918000.0},"CostOfRevenue":{"9983.HK":2415696000.0},"SellingGeneralAndAdministration":{"9983.HK":286758000.0},"InterestExpense":{"9983.HK":3453000.0},"NetIncomeCommonStockholders":{"9983.HK":619559000.0}}